compound_id,smiles,clf,clf_bin
CID222,CC(=O)Nc1ccccc1,0.9714493083655106,1
CID124,COc1cc(C)c(/C=C/C(C)=C/C=C/C(C)=C/C(=O)O)c(C)c1C,0.9722750488455908,1
CID412,CC(C)NC[C@H](O)COc1ccc(CC(N)=O)cc1,0.9666482278262892,1
CID214,CC(C)Cc1ccc([C@H](C)C(=O)O)cc1,0.972766004480178,1
CID275,CCNC[C@H](C)c1cccc(C(F)(F)F)c1,0.9728766167261914,1
CID310,CC(C)NC[C@@H](O)c1cc(O)cc(O)c1,0.9709408128500999,1
CID099,CCN(CC)CC(=O)Nc1c(C)cccc1C,0.9694803921765222,1
CID370,Cc1cccc(C)c1OC[C@H](C)N,0.9730173727035841,1
CID293,OC[C@H](O)COc1ccc(Cl)cc1,0.9449422122734314,1
CID327,C=CCOc1ccccc1OC[C@@H](O)CNC(C)C,0.971552767225297,1
CID001,CCN(C)C(=O)Oc1cccc([C@@H](C)N(C)C)c1,0.9526125742777193,1
CID338,COc1cc(C)c([S+](C)[O-])cc1OC,0.9673891284232766,1
CID422,CCN(CC)CCNC(=O)c1cc(Cl)c(N)cc1OC,0.9720156113455095,1
CID351,CC(=O)Nc1c(I)c(NC(C)=O)c(I)c(C(=O)O)c1I,0.3489677737477244,0
CID187,CCOC(=O)C(C)(C)Oc1ccc(Cl)cc1,0.9721753357401522,1
CID458,COCCc1ccc(OC[C@@H](O)CNC(C)C)cc1,0.9558587009191863,1
CID322,C[C@@H](NC(C)(C)C)C(=O)c1ccc(Cl)cc1,0.97277356753834,1
CID347,CC(=O)N(C[C@H](O)CO)c1c(I)c(C(=O)NC[C@H](O)CO)c(I)c(C(=O)NC[C@H](O)CO)c1I,0.34662770971302975,0
CID072,CCCCNC(=O)NS(=O)(=O)c1ccc(C)cc1,0.9717289878808705,1
CID259,O=C(N[C@H](CO)[C@@H](O)c1ccc([N+](=O)[O-])cc1)C(Cl)Cl,0.9340411095413907,1
CID042,Cc1ccc(C)c(OCCCC(C)(C)C(=O)O)c1,0.9719056858437826,1
CID199,CCCC(=O)Nc1ccc(OC[C@@H](O)CNC(C)C)c(C(C)=O)c1,0.9669083704271958,1
CID372,CC(=O)Nc1ccc(O)cc1,0.946804933946591,1
CID266,CC(C)NC(=N)NC(=N)Nc1ccc(Cl)cc1,0.9126400261318981,1
CID033,N[C@H](CCC(=O)O)c1ccc(Cl)cc1,0.9724483191671057,1
CID279,CC(C)N[C@@H](O)c1ccc(O)c(O)c1,0.9650474068198704,1
CID157,CCCNC(=O)NS(=O)(=O)c1ccc(Cl)cc1,0.971512377383517,1
CID402,CCN(CC)[C@H](C)C(=O)c1ccccc1,0.9718430321380082,1
CID334,CC(C)(C)NC[C@@H](O)c1ccc(O)c(C(=O)O)c1,0.9070419596009599,1
CID100,CC(=O)Oc1ccccc1C(=O)O,0.970814899853098,1
CID170,CCCCCCCN(CC)CCC[C@@H](O)c1ccc(NS(C)(=O)=O)cc1,0.9689573318407861,1
CID362,COP(=O)(C[C@H](c1ccc(Cl)cc1)P(=O)(OC)OC)OC,0.9008162662987674,1
CID358,O=P(O)(O)C(Cc1ccc(Cl)cc1)P(=O)(O)O,0.3981157824144684,0
CID219,CC[N+](C)(C)Cc1ccccc1Br,0.37036315106220513,0
CID138,Nc1ccc(O)c(C(=O)O)c1,0.9424773811250367,1
CID407,COc1cccc(C[C@H](C)N)c1,0.9729743432445904,1
CID250,C[C@H](N)[C@@H](O)c1ccccc1,0.9724855595351589,1
CID333,CC(=O)Nc1ccc([C@H](O)CNC(C)C)cc1,0.9714175698389341,1
CID005,CC[N+](C)(C)c1cccc(O)c1,0.37624493090987654,0
CID289,CC[N+](CC)(CC)CCOc1cccc(OCC[N+](CC)(CC)CC)c1OCC[N+](CC)(CC)CC,0.339345292566447,0
CID178,CC(C)NC[C@H](O)COc1cccc(NS(C)(=O)=O)c1,0.9652962336524583,1
CID323,CN(C)C(=O)Oc1cccc([N+](C)(C)C)c1,0.35873955689192266,0
CID278,N=C(N)N/N=C/c1c(Cl)cccc1Cl,0.968559071312929,1
CID321,CCCN(CCC)S(=O)(=O)c1ccc(C(=O)O)cc1,0.9682997649067607,1
CID217,CNNCc1ccc(C(=O)NC(C)C)cc1,0.9714684812766805,1
CID184,CC(C)c1cccc(C(C)C)c1O,0.9728802560231241,1
CID324,O=C(O)CCCc1ccc(N(CCCl)CCCl)cc1,0.9657846937205136,1
CID426,CN[C@@H](C)[C@@H](O)c1ccccc1,0.9725047129928185,1
CID419,C=CCc1ccccc1OC[C@@H](O)CNC(C)C,0.9718496814355579,1
CID164,C#CCN(C)[C@@H](C)Cc1ccccc1,0.9721745563321337,1
CID312,NC(N)=NC(=O)Cc1c(Cl)cccc1Cl,0.9725430281497904,1
CID425,C[C@H](N)Cc1ccccc1,0.9730191064068133,1
CID093,Cc1cccc(C)c1NC(=O)NCCCNC(C)C,0.9703100587728368,1
CID021,N[C@H](CO)C(=O)NNCc1ccc(O)c(O)c1O,0.787280322779044,1
CID028,CC(C)NC[C@H](O)COc1ccc(COCCOC(C)C)cc1,0.9408142185687929,1
CID080,Cc1cccc(C)c1NC(=O)[C@@H](C)N,0.9725802412933469,1
CID142,COc1ccccc1OC[C@H](O)COC(N)=O,0.9691126143876193,1
CID029,CC(=O)Oc1cc(C(C)C)c(OCCN(C)C)cc1C,0.9709039772139615,1
CID290,CN(C(=O)C(Cl)Cl)c1ccc(O)cc1,0.9722524720349219,1
CID359,CCC(=O)C(=O)c1ccc(OCC(=O)O)c(Cl)c1Cl,0.965079122388512,1
CID291,NC(=O)OCC(COC(N)=O)c1ccccc1,0.9714290101766713,1
CID207,CC(C)C(=O)Nc1ccc([N+](=O)[O-])c(C(F)(F)F)c1,0.971095840005935,1
CID226,COCCCC/C(=N\OCCN)c1ccc(C(F)(F)F)cc1,0.9725183791575921,1
CID449,CC(C)(C)NC[C@@H](O)c1cc(O)cc(O)c1,0.9485494574090687,1
CID145,O=[P@@]1(N(CCCl)CCCl)OCCCN1CCCl,0.9359979556328649,1
CID095,CN1CCC(=C2c3ccccc3CC(=O)c3sccc32)CC1,0.9671980218194488,1
CID193,C[C@@H](CCc1ccccc1)NC[C@@H](O)c1ccc(O)c(C(N)=O)c1,0.9725890013492086,1
CID353,COc1ccccc1OCCNC[C@@H](O)OCc1cccc2[nH]c3ccccc3c12,0.94925865930876,1
CID204,CCC1(c2ccccc2)C(=O)NC(=O)NC1=O,0.969232119591211,1
CID097,O=C(NC[C@@H]1CCCCN1)c1cc(OCC(F)(F)F)ccc1OCC(F)(F)F,0.9711754866402105,1
CID450,CNCC[C@@H](Oc1ccc(C(F)(F)F)cc1)c1ccccc1,0.9729758779315302,1
CID182,CCC[C@@H](N[C@H](C)C(=O)N1[C@H](C(=O)O)C[C@@H]2CCCC[C@@H]21)C(=O)OCC,0.9129383499001026,1
CID146,C[C@H]1COc2c(N3CCN(C)CC3)c(F)cc3c(=O)c(C(=O)O)cn1c23,0.9029227091435575,1
CID227,O=c1[nH]c2ccccc2n1CCCN1CCC(Nn2c(=O)[nH]c3cc(Cl)ccc32)CC1,0.9726168316588696,1
CID208,Nc1c2c(nc3ccccc13)CCCC2,0.9611087815328895,1
CID149,Cc1cccc(Nc2ccccc2C(=O)O)c1C,0.9712232847142808,1
CID051,O=C(O)Cc1ccccc1Nc1ccc(Cl)cc1Cl,0.9707732751548251,1
CID379,Cc1ccc(Cl)c(Nc2ccccc2C(=O)O)c1Cl,0.9715447255803958,1
CID276,CN(C)CCC[C@@H]1c2ccccc2COc2ccccc21,0.9727638104561523,1
CID215,CCCCc1nc(Cl)c(CO)n1Cc1ccc(-c2ccccc2-c2nnn[nH]2)cc1,0.9713622880956213,1
CID423,CCO[C@H](Cc1ccc(OCCc2ccc(OS(C)(=O)=O)cc2)cc1)C(=O)O,0.9444767339801916,1
CID067,CCN(C(C)=O)c1cccc(-c2ccnc3c(C#N)cnn23)c1,0.972933742284931,1
CID392,Cc1ccc(S(=O)(=O)NC(=O)NN2C[C@H]3CCC[C@H]3C2)cc1,0.9711757690314097,1
CID300,NC(=O)N1C(=O)[C@@H](C(=O)c2cccs2)c2cc(Cl)ccc21,0.9726427656758504,1
CID082,CN(C)[C@H]1C(O)=C(C(N)=O)C(=O)[C@@]2(O)C(=O)C3=C(O)c4c(O)cccc4[C@@](C)(O)[C@@H]3[C@H](O)[C@@H]12,0.7562593316959334,1
CID220,CO/N=C(\C(=O)N[C@@H]1C(=O)N2C(C(=O)O)=CCS[C@@H]12)c1csc(N)n1,0.47486484573745286,0
CID141,COCC1=C(C(=O)O[C@H](C)OC(=O)OC(C)C)N2C(=O)[C@H](NC(=O)C(=NOC)c3csc(N)n3)[C@@H]2SC1,0.568093936342937,1
CID369,C[C@@H]1[C@@H](NC(=O)/C(=N\OC(C)(C)C(=O)O)c2csc(N)n2)C(=O)N1S(=O)(=O)O,0.3426708037412623,0
CID035,COc1ccc(C[C@H]2c3cc(OC)c(OC)cc3CC[N@@+]2(C)CCC(=O)OCCCCCOC(=O)CC[N@+]2(C)CCc3cc(OC)c(OC)cc3[C@@H]2Cc2ccc(OC)c(OC)c2)cc1OC,0.34596024552063986,0
CID137,O=C(O)c1ccccc1C(=O)Nc1ccc(S(=O)(=O)Nc2nccs2)cc1,0.37219295103281097,0
CID112,CC[C@]1(CCC(C)C)C(=O)N=C(O)N=C1O,0.9720616826159206,1
CID024,CCOc1ccccc1OC[C@H]1COCCN1,0.9677603017302302,1
CID188,CC(C)n1c(/C=C/[C@H](O)C[C@@H](O)CC(=O)O)c(-c2ccc(F)cc2)c2ccccc21,0.9711599251076981,1
CID331,CCOC(=O)C1(c2ccccc2)CCN(C)CC1,0.9716919751567245,1
CID216,CN1C(C(=O)Nc2ccccn2)=C(O)c2ccccc2S1(=O)=O,0.9440032013898098,1
CID253,Cc1onc(-c2c(F)cccc2Cl)c1C(=O)N[C@@H]1C(=O)N2[C@H]1SC(C)(C)[C@H]2C(=O)O,0.7684207496391068,1
CID156,O=C(COCCOCCOCC(=O)Nc1c(I)cc(I)c(C(=O)O)c1I)Nc1c(I)cc(I)c(C(=O)O)c1I,0.3431160587127698,0
CID017,CCCC(=O)[C@]1(c2ccccc2)CCC=C[C@@H]1N(C)C,0.9723900504118914,1
CID061,O=c1[nH]c2ccccc2n1C1CCN(CCC(c2ccc(F)cc2)c2ccc(F)cc2)CC1,0.9728767063981018,1
CID401,C[N+]1(C)CCC(=C(c2ccccc2)c2ccccc2)CC1,0.36149495444372776,0
CID166,C[C@H](c1cc2ccccc2s1)N(O)C(N)=O,0.9725930643872749,1
CID264,C=C(N[C@@H]1C(=O)N2C(C(=O)O)=C(COC(C)=O)CS[C@@H]12)C(=NOC)c1csc(N)n1,0.3457432911535789,0
CID058,COc1ccc2c(c1)c(CC(=O)O)cn2C(=O)c1ccccc1,0.9695858237692886,1
CID116,C#C[C@@]1(OC(C)=O)CC[C@@H]2[C@@H]3CCC4=C[C@@H](OC(C)=O)CC[C@@H]4[C@@H]3CC[C@@]21C,0.9716542046405737,1
CID255,C#C[C@@]1(O)CC[C@@H]2[C@@H]3CCC4=CCCC[C@@H]4[C@@H]3CC[C@@]21C,0.9729846138717598,1
CID233,O=C1C(CC[S+]([O-])c2ccccc2)C(=O)N(c2ccccc2)N1c1ccccc1,0.9411591128082466,1
CID117,Fc1ccc([C@H]2CCNC[C@@H]2COc2ccc3c(c2)OCO3)cc1,0.9725085844469192,1
CID169,CCOC(=O)C1=C[C@H](OC(CC)CC)[C@H](NC(C)=O)[C@@H](N)C1,0.9454978402883576,1
CID123,CC1=C(/C=C/C(C)=C\C=C\C(C)=C\CO)C(C)(C)CCC1,0.9712424831140486,1
CID158,CC1=C(/C=C\C(C)=C/C=C/C(C)=C/C(=O)O)C(C)(C)CCC1,0.9716920797491378,1
CID460,O=C(O)[C@@H]1C(=CCO)O[C@H]2CC(=O)N12,0.8308723868410466,1
CID078,CC(C)NC[C@H](O)COc1ccc(CCOCC2CC2)cc1,0.9533374291326009,1
CID282,CCN1CC[C@H](CNC(=O)c2cc(S(N)(=O)=O)ccc2OC)C1,0.9674804395711272,1
CID143,CC(C)NC[C@@H]1CCc2cc(CO)c([N+](=O)[O-])cc2N1,0.9722399877638904,1
CID175,CCOC(=O)Nc1ccc2c(c1)N(C(=O)CCN1CCOCC1)c1ccccc1S2,0.9619213601590575,1
CID307,CNS(=O)(=O)Cc1ccc2[nH]cc(CCN(C)C)c2c1,0.9698054685313647,1
CID350,CC(C)NC[C@H](O)COc1cccc2[nH]ccc12,0.972693167172499,1
CID062,Cc1ccc(NC(=O)c2ccc(CN3CCN(C)CC3)cc2)cc1Nc1nccc(-c2cccnc2)n1,0.9643816008627324,1
CID153,CC(C)[C@H]1CC[C@@H](C(=O)N[C@H](Cc2ccccc2)C(=O)O)CC1,0.9498930892318688,1
CID133,C[C@H]1C[C@H]2[C@H]([C@H](O)C[C@]3(C)[C@@H]2CC[C@@]3(O)C(=O)CO)[C@]2(C)C=CC(=O)C=C12,0.9725182382715648,1
CID126,C[C@@]12C=CC(=O)C=C1CC[C@@H]1[C@H]3C[C@@H](O)[C@@](O)(C(=O)CO)[C@]3(C)C[C@@H](O)[C@@]12F,0.9708395546037725,1
CID206,C[C@@]12C=CC(=O)C=C1CC[C@H]1[C@H]2[C@H](O)C[C@]2(C)[C@@H]1CC[C@@]2(O)C(=O)CO,0.9727039606268718,1
CID366,C[C@@H]1C[C@@H]2[C@@H]3CCC4=CC(=O)C=C[C@]4(C)[C@]3(F)[C@@H](O)C[C@]2(C)[C@@]1(O)C(=O)CO,0.9718600096354816,1
CID186,COc1ccc(CCN(C)CCC[C@](C#N)(c2cc(OC)c(OC)c(OC)c2)C(C)C)cc1OC,0.9490836289983586,1
CID147,CN[C@H](CC(C)C)C(=O)N[C@@H]1C(=O)N[C@H](CC(N)=O)C(=O)N[C@H]2C(=O)N[C@@H]3C(=O)N[C@H](C(=O)N[C@@H](C(=O)O)c4cc(O)cc(O)c4-c4cc3ccc4O)[C@H](O)c3ccc(c(Cl)c3)Oc3cc2cc(c3O[C@@H]2O[C@@H](CO)[C@@H](O)[C@H](O)[C@H]2O[C@@H]2C[C@@](C)(N)[C@H](O)[C@H](C)O2)Oc2ccc(cc2Cl)[C@@H]1O,0.34083442710401934,0
CID218,COc1cc2nc(N3CCN(C(=O)[C@@H]4COc5ccccc5O4)CC3)nc(N)c2cc1OC,0.9708401297355325,1
CID437,CCCC[C@@H]1C(=O)C(=O)N(c2ccccc2)N1c1ccccc1,0.9720538855450257,1
CID296,COC(=O)[C@H](c1ccccc1)[C@@H]1CCCCN1,0.9721963985766088,1
CID272,Oc1ccc([C@H](O)[C@@H]2CCCCN2)cc1O,0.9668539033181506,1
CID414,Cc1c(N(C)C)c(=N)n(-c2ccccc2)n1C,0.9615176548052106,1
CID110,Cc1cnc(C(=O)NCCc2ccc(S(=O)(=O)NC(=O)NC3CCCCC3)cc2)cn1,0.9699127968940601,1
CID090,CCC(=C(CC)c1ccc(O)cc1)c1ccc(O)cc1,0.9709389453693019,1
CID313,N=C(NCCCCNC(=N)NC(=N)Nc1ccc(Cl)cc1)NC(=N)Nc1ccc(Cl)cc1,0.3587425944897766,0
CID096,O=C(O)[C@H](CCc1ccccc1)N[C@@H]1CCCN2CCC[C@@H](C(=O)O)N2C1=O,0.3991098838884945,0
CID136,CCOC(=O)[C@H](CCc1ccccc1)N[C@@H]1CCCN2CCC[C@@H](C(=O)O)N2C1=O,0.7680700404500396,1
CID269,Cc1ccc(-c2c(-c3ccc(S(C)(=O)=O)cc3)cc(Cl)c[n+]2[O-])cn1,0.9610382016801763,1
CID363,C[C@H](NCCc1ccc(O)cc1)[C@@H](O)c1ccc(O)cc1,0.9711973615282806,1
CID114,C[C@@H](Cc1ccc(O)cc1)N[C@@H](O)Cc1cc(O)cc(O)c1,0.9434968038590797,1
CID113,O=C1NS(=O)(=O)c2ccccc21,0.9465951148945592,1
CID063,N#C[C@H](O[C@@H]1O[C@@H](CO[C@@H]2O[C@@H](CO)[C@@H](O)[C@H](O)[C@@H]2O)[C@@H](O)[C@H](O)[C@@H]1O)c1ccccc1,0.34645627747927366,0
CID101,COc1cccc(C(=O)CCN[C@@H](C)[C@@H](O)c2ccccc2)c1,0.9701139562547461,1
CID341,Cc1ccc(O)c([C@@H](CCN(C(C)C)C(C)C)c2ccccc2)c1,0.9699187044879333,1
CID106,CCC(=O)C(C[C@H](C)N(C)C)(c1ccccc1)c1ccccc1,0.9710329912303285,1
CID396,NC(=O)C[S+]([O-])C(c1ccccc1)c1ccccc1,0.9710407858767832,1
CID298,Cc1ccccc1[C@@H](OCCN(C)C)c1ccccc1,0.9713308067845056,1
CID168,CNCCCCOc1ccccc1Cc1ccccc1,0.9488296153295921,1
CID083,COc1ccccc1N1CCN(CCCNc2cc(=O)n(C)c(=O)n2C)CC1,0.939451126958549,1
CID393,COc1ccc2cc(CCC(C)=O)ccc2c1,0.9728772302174078,1
CID010,CC(C)N[C@@H](C)[C@@H](O)c1cccc2ccccc12,0.972987172639128,1
CID434,CN(C/C=C/C#CC(C)(C)C)Cc1cccc2ccccc12,0.9542199543731223,1
CID197,COc1ccc2c(C(=S)N(C)CC(=O)O)ccc(C(F)(F)F)c2c1,0.9693316179065249,1
CID056,COc1ccc2cc([C@H](C)C(=O)O)ccc2c1,0.9728778759406206,1
CID140,CC(C)(Oc1ccc(CCNC(=O)c2ccccc2)cc1)C(=O)O,0.9530252091509056,1
CID286,CN(C)CCC=C1c2ccccc2CCc2ccccc21,0.9724426423187894,1
CID352,CNCCC=C1c2ccccc2CCc2ccccc21,0.9728341453737074,1
CID030,CN1CCC(=C2c3ccccc3C=Cc3ccccc32)CC1,0.9686010158479039,1
CID261,O=C(O[C@H]1C[C@@H]2C[C@H]3C[C@H](C1)N2CC3=O)c1c[nH]c2ccccc12,0.9717439529862304,1
CID265,N=C(N)NC[C@@H]1COC2(CCCCC2)O1,0.9216104051727806,1
CID000,C#C[C@@]1(OC(C)=O)CC[C@@H]2[C@@H]3CCC4=CC(=NO)CC[C@@H]4[C@@H]3CC[C@@]21CC,0.9718851813617554,1
CID346,O=C1OC2(c3ccc(O)cc3Oc3cc(O)ccc32)c2ccccc21,0.9512979059553093,1
CID420,NC(=O)c1cnccn1,0.9719249758033955,1
CID451,CN1CCN(C(=O)O[C@@H]2c3nccnc3C(=O)N2c2ccc(Cl)cn2)CC1,0.9653961022986456,1
CID397,C[C@@]12CCC3=C4CCC(=O)C=C4CC[C@@H]3[C@H]1CC[C@]2(O)CC#N,0.9728611384435952,1
CID209,CN1C[C@@H](C(=O)N[C@]2(C)O[C@@]3(O)[C@@H]4CCCN4C(=O)[C@@H](Cc4ccccc4)N3C2=O)C[C@@H]2c3cccc4[nH]cc(c34)C[C@@H]21,0.8952253278692671,1
CID047,CCCCC(=O)N(Cc1ccc(-c2ccccc2-c2nnn[nH]2)cc1)[C@H](C(=O)O)C(C)C,0.9500025569231344,1
CID408,Cc1cccc(Nc2ccncc2S(=O)(=O)NC(=O)NC(C)C)c1,0.9677438744177099,1
CID151,OCCN1CCN(CCCN2c3ccccc3Sc3ccc(Cl)cc32)CC1,0.9671998455323981,1
CID174,CN1CCN(CCCN2c3ccccc3Sc3ccc(C(F)(F)F)cc32)CC1,0.9713477295830798,1
CID330,CN(C)CCOC1=Cc2ccccc2Sc2ccc(Cl)cc21,0.9692596911130057,1
CID457,CC(C)(Oc1ccc([C@@H]2CC2(Cl)Cl)cc1)C(=O)O,0.9380310452164947,1
CID131,CCC1=C(C)CN(C(=O)NCCc2ccc(S(=O)(=O)NC(=O)N[C@H]3CC[C@H](C)CC3)cc2)C1=O,0.9494549077443245,1
CID089,CC(=O)O[C@@H]1[C@H]([N+]2(C)CCCCC2)C[C@@H]2[C@@H]3CC[C@@H]4C[C@@H](OC(C)=O)[C@@H]([N+]5(C)CCCCC5)C[C@]4(C)[C@@H]3CC[C@]21C,0.3431696589600874,0
CID328,COc1ccc([C@]2(C#N)CC[C@H](C(=O)O)CC2)cc1OC1CCCC1,0.9698323528033373,1
CID111,CC1=Nc2ccc(Cl)cc2S(=O)(=O)N1,0.970767140501775,1
CID398,CC(C)(C)NC[C@H](O)COc1nsnc1N1CCOCC1,0.9385410889522418,1
CID172,Cc1nnc2n1-c1ccc(Cl)cc1C(c1ccccc1)=NC2,0.972666783072798,1
CID177,O=c1[nH]cnc2[nH]ncc12,0.9708445985989588,1
CID382,C[N+](C)(CCOc1ccccc1)Cc1ccccc1,0.35913220892828995,0
CID283,CN1[C@@H]2CC[C@H]1C[C@H](OC(=O)[C@@H](CO)c1ccccc1)C2,0.9221495203209988,1
CID004,CC(C)=CCN1CC[C@]2(C)c3cc(O)ccc3C[C@@H]1[C@H]2C,0.9725752100959069,1
CID234,CCC1(c2ccccc2)C(=O)NCNC1=O,0.9691155994684073,1
CID105,O=C1CN(/N=C/c2ccc(-c3ccc([N+](=O)[O-])cc3)o2)C(=O)N1,0.9707184316088985,1
CID257,CN(Cc1cc(Br)cc(Br)c1N)C1CCCCC1,0.9703860779827647,1
CID355,CC(=O)OCC(CCn1cnc2cnc(N)nc21)COC(C)=O,0.9706957909719129,1
CID240,NS(=O)(=O)c1cc2c(cc1C(F)(F)F)N[C@H](Cc1ccccc1)NS2(=O)=O,0.9689955033748161,1
CID230,CCC[C@@H]1C[C@H](C(=O)N[C@H]([C@@H]2O[C@@H](SC)[C@@H](O)[C@@H](O)[C@@H]2O)[C@H](C)O)N(C)C1,0.3472913841755911,0
CID064,CCC[C@@H]1C[C@H](C(=O)N[C@H]([C@@H]2O[C@@H](SC)[C@@H](O)[C@@H](O)[C@@H]2O)[C@H](C)Cl)N(C)C1,0.5219029165972742,1
CID394,Cc1nsc(NS(=O)(=O)c2ccc(N)cc2)c1C,0.9649827506288574,1
CID311,NS(=O)(=O)c1cc(C(=O)O)cc(N2CCCC2)c1Oc1ccccc1,0.9348439890257035,1
CID377,COC(=O)c1c(C)cc([N+](=O)[O-])c(C(=O)OCCN(C)Cc2ccccc2)c1C1C=C(C)NC(C)=C1,0.9588969364291394,1
CID309,CNCCC[C@]12CC[C@H](c3ccccc31)c1ccccc12,0.9702446299832818,1
CID442,NC1=NC(=O)N([C@H]2CS[C@H](CO)O2)CC1,0.9286413127101224,1
CID246,Nc1ccc(S(=O)(=O)c2ccc(O)cc2)cc1,0.9601720783480143,1
CID130,NS(=O)(=O)Cc1noc2ccccc12,0.947873015548419,1
CID277,O[C@](CCN1CCCCC1)(c1ccccc1)[C@@H]1C[C@H]2C=C[C@H]1C2,0.9610922605328421,1
CID337,C[N+]1(C)CC[C@H](OC(=O)[C@@](O)(c2ccccc2)C2CCCC2)C1,0.35276532918583076,0
CID152,CCCN1C[C@@H](NS(=O)(=O)N(CC)CC)C[C@@H]2Cc3c(O)cccc3C[C@@H]21,0.941973008329407,1
CID070,N=C1Cc2ccccc2N(C(N)=O)c2ccccc21,0.9713455651587902,1
CID045,C[C@H](O)[C@H]1C(=O)N2C(C(=O)O)=C(S[C@@H]3CC[C@H](C(=O)N(C)C)N3)[C@@H](C)[C@H]12,0.3529053903660446,0
CID303,CN1CCN(CCCCN2C(=O)CN(/N=C/c3ccc(-c4ccc(Cl)cc4)o3)C2=O)CC1,0.9418989482663758,1
CID441,CC[C@@H]1OC(=O)[C@H](C)[C@@H](O[C@H]2C[C@@](C)(OC)[C@H](O)[C@H](C)O2)[C@H](C)[C@@H](O[C@@H]2O[C@@H](C)C[C@@H](N(C)C)[C@@H]2O)[C@](C)(O)C[C@@H](C)C(=O)[C@@H](C)[C@H](O)[C@]1(C)O,0.7283838275625912,1
CID013,C=CC[N@+]12CC[C@]34c5ccccc5N5C=C6[C@H]7C[C@H]8[C@]9(CC[N@@+]8(CC=C)C/C7=C\CO)c7ccccc7N(C=C([C@H](C[C@H]31)/C(=C/CO)C2)[C@@H]54)[C@@H]69,0.3463211172443947,0
CID288,COc1cc(N)c(Cl)cc1C(=O)N[C@@H]1CCN(CCCOc2ccc(F)cc2)C[C@@H]1OC,0.9700338973792234,1
CID057,C=CCN1CC[C@@]23c4c5ccc(O)c4O[C@H]2C(=O)CC[C@@]3(O)[C@@H]1C5,0.9685337891476746,1
CID273,COc1ccc2c3c1O[C@@H]1C(=O)CC[C@]4(O)[C@H](C2)N(C)CC[C@@]314,0.9677573618588265,1
CID421,CC(C)(C)NC[C@H](O)COc1cccc2c1CCC(=O)N2,0.9697213475246863,1
CID171,CCCCCc1cc(O)c2c(c1)OC(C)(C)[C@@H]1CCC(C)=C[C@@H]21,0.9690888102648767,1
CID007,CC(C)COC[C@@H](CN1CCCC1)N(Cc1ccccc1)c1ccccc1,0.970277707472011,1
CID384,Cc1nc(NCc2cccnc2)c(C#N)c(=O)[nH]1,0.9718296648811887,1
CID424,CN1CCN2c3ccccc3Cc3ccccc3[C@H]2C1,0.9704749555680942,1
CID195,CC(C)(C)NC(=O)[C@@H]1CC[C@@H]2[C@@H]3CC[C@@H]4NC(=O)C=C[C@@]4(C)[C@@H]3CC[C@]21C,0.9395369365483823,1
CID015,Oc1ccc2c3c1O[C@@H]1[C@@H](O)CC[C@]4(O)[C@@H](C2)N(CC2CCC2)CC[C@@]314,0.966806792917418,1
CID127,C[C@H](CN1CCOCC1)C(C(=O)N1CCCC1)(c1ccccc1)c1ccccc1,0.9627053240023188,1
CID368,CC(=O)O[C@@H]1[C@H]([N+]2(C)CCCCC2)C[C@@H]2[C@@H]3CC[C@@H]4C[C@@H](OC(C)=O)[C@@H](N5CCCCC5)C[C@]4(C)[C@@H]3CC[C@]21C,0.3466042774384824,0
CID256,CCN1CC[C@]23[C@@H]4C=C[C@H](O)[C@@H]2OC2=C(O)C=C[C@H](C[C@@H]41)[C@@H]23,0.920320137460359,1
CID237,OC(Cn1cncn1)(Cn1cncn1)c1ccc(F)cc1F,0.9716842275629003,1
CID104,CNS(=O)(=O)CCc1ccc2[nH]c(C3CCN(C)CC3)cc2c1,0.9719727117837428,1
CID041,Cc1cc(C)nc(NS(=O)(=O)c2ccc(N)cc2)n1,0.947794440566777,1
CID014,COCCOc1cnc(NS(=O)(=O)c2ccccc2)nc1,0.9430244437761616,1
CID378,O=C1CC2(CCCC2)CC(=O)N1CCCCN1CCN(c2ncccn2)CC1,0.9618178459932122,1
CID198,O=C1NNC(=O)C1(c1ccccc1)c1ccccc1,0.9693748910538548,1
CID190,CCOC(=O)[C@@H](CCc1ccccc1)N[C@H](C)C(=O)N1[C@H](C(=O)O)C[C@@H]2CCC[C@@H]21,0.9370035296088974,1
CID308,NC12CC3CC(CC(C3)C1)C2,0.949946969388617,1
CID297,CN(C)CC[C@H](c1ccccc1)c1ccccn1,0.9543780546126529,1
CID274,O=C(O)CCC(=O)Nc1ccc(S(=O)(=O)Nc2nccs2)cc1,0.3686664580197472,0
CID165,CCN(CC)CCOC(=O)C1(C2CCCCC2)CCCCC1,0.9628010965057195,1
CID191,C[C@@](O)(CS(=O)(=O)c1ccc(F)cc1)C(=O)Nc1ccc(C#N)c(C(F)(F)F)c1,0.9708693382306736,1
CID360,C[n+]1ccccc1/C=N/O,0.4127537531904264,0
CID299,CN1c2ccccc2N(CCCCCCC(=O)O)c2ccc(Cl)cc2S1(=O)=O,0.9633639361811213,1
CID248,Cc1cc(NS(=O)(=O)c2ccc(N)cc2)nc(C)n1,0.9392564227163813,1
CID079,CCS(=O)(=O)CCn1c([N+](=O)[O-])cnc1C,0.9337582171446351,1
CID417,Cc1ncc([N+](=O)[O-])n1CCO,0.9433469619743017,1
CID386,C/N=C(\NC#N)NCCSCc1nc[nH]c1C,0.9612332520125008,1
CID446,CN1CCC(=C2c3ccccc3CCc3sccc32)CC1,0.9696757688649077,1
CID107,COc1ccc2c3c1O[C@@H]1C[C@@H](O)C=C[C@]31CCN(C)C2,0.9671290581692512,1
CID085,C=C[C@@]12CC[C@@H](O[C@H]3C[C@@H](OC)[C@@H](O)[C@H](C)O3)C[C@]1(O)CC[C@@H]1[C@@H]2CC[C@]2(C)[C@H](C3=CC(=O)OC3)CC[C@@]12O,0.9019816253712141,1
CID213,N#Cc1ccc(C(c2ccc(C#N)cc2)n2cncn2)cc1,0.9719877536211471,1
CID037,CSc1ccc2ncn(/C=C/C(=O)O)c(=O)c2c1,0.9653487049465482,1
CID046,CC[C@@H]1C[C@H](OC(=O)C(O)(c2ccccc2)c2ccccc2)C[C@H](C)[N+]12CCCC2,0.35943004935025913,0
CID339,CN1CCC[C@@H]1c1cccnc1,0.9697934020252917,1
CID375,c1ccc(CC2=NCCN2)cc1,0.965923513056472,1
CID148,O=C(c1ccccc1)c1ccc2n1CC[C@@H]2C(=O)O,0.9655290440296186,1
CID144,C[C@H](C(=O)O)c1cccc(C(=O)c2ccccc2)c1,0.9706068766839068,1
CID445,C[C@@H]1O[C@@H](O[C@H]2[C@@H](O)[C@H](O)[C@H](O[C@H]3[C@@H](O)[C@H](O)[C@@H](O)O[C@@H]3CO)O[C@@H]2CO)[C@@H](O)[C@@H](O)[C@@H]1N[C@@H]1C=C(CO)[C@H](O)[C@H](O)[C@H]1O,0.3388186919544139,0
CID139,Cc1cnc(C[S+]([O-])c2nc3ccccc3[nH]2)cc1OCC(F)(F)F,0.9719293425517392,1
CID411,COc1ccc2[nH]c([S+]([O-])Cc3ncc(C)c(OC)c3C)nc2c1,0.972190892324194,1
CID012,COc1ccnc(C[S+]([O-])c2nc3cc(OC(F)F)ccc3[nH]2)c1OC,0.9710922746323375,1
CID413,COCCCOc1ccnc(C[S+]([O-])c2nc3ccccc3[nH]2)c1C,0.9715271557176964,1
CID342,Nc1nc2ccc(OC(F)(F)F)cc2s1,0.9669470662906975,1
CID076,CC(C)(C)NC[C@H](O)COc1ccccc1C1CCCC1,0.9718599362941296,1
CID316,O=C1c2c(O)ccc(O)c2C(=O)c2c(NCCNCCO)ccc(NCCNCCO)c21,0.37194016874457514,0
CID084,CCc1nn(CCCN2CCN(c3cccc(Cl)c3)CC2)c(=O)n1CCOc1ccccc1,0.96950287441487,1
CID065,Clc1ccc2c(c1)C(N1CCNCC1)=Nc1ccccc1O2,0.972749723865647,1
CID415,Nc1cc(-c2ccncc2)c[nH]c1=O,0.9715101331008036,1
CID354,Cc1[nH]c(=O)c(C#N)cc1-c1ccncc1,0.9718960937873015,1
CID326,Cc1cc(NS(=O)(=O)c2ccc(N)cc2)no1,0.937033172367526,1
CID336,CC(=O)Nc1ccc(OC(=O)c2ccccc2OC(C)=O)cc1,0.9690825517687328,1
CID108,O=C(Oc1ccccc1C(=O)O)c1ccccc1O,0.9604429792714223,1
CID119,CON=C(C(=O)N[C@H]1C(=O)N2C(C(=O)O)=C(CSc3nc(=O)c(O)nn3C)CS[C@@H]12)c1csc(N)n1,0.3406658649653232,0
CID400,CC(C)CCC[C@H](C)[C@@H]1CC[C@@H]2[C@@H]3CC=C4C[C@@H](O)CC[C@]4(C)[C@@H]3CC[C@@]21C,0.9713625275761103,1
CID223,CCCOC(C(=O)OC1CCN(C)CC1)(c1ccccc1)c1ccccc1,0.9430014719036572,1
CID343,CCCc1c2oc(C(=O)O)cc(=O)c2cc2c(=O)cc(C(=O)O)n(CC)c12,0.3760114140434501,0
CID098,CCC#CC[C@H](C)[C@@H](O)C#C[C@@H]1[C@H]2C/C(=C\COCC(=O)O)C[C@@H]2C[C@@H]1O,0.9685970978053057,1
CID055,C=C1/C(=C\C=C2/CCC[C@]3(C)[C@@H]2CC[C@H]3[C@@H](C)CCCC(C)C)C[C@H](O)C[C@H]1O,0.9474923625733375,1
CID268,CCOC(=O)[C@@H](CCc1ccccc1)N[C@H](C)C(=O)N1[C@H](C(=O)O)C[C@@H]2CCCC[C@@H]21,0.934189944844349,1
CID294,COc1cc2c(cc1OC)[C@@H]1CC(=O)[C@H](CC(C)C)CN1CC2,0.972289365265479,1
CID229,CCCc1nc2c(n1Cc1ccc(-c3ccccc3C(=O)O)cc1)=C[C@H](c1nc3ccccc3n1C)CC=2C,0.9672442927416629,1
CID371,CCOC(=O)c1ncn2c1CN(C)C(=O)c1cc(F)ccc1-2,0.9717044167911763,1
CID205,CN1CCC[C@@H](N2N[C@@H](Cc3ccc(Cl)cc3)c3ccccc3C2=O)CC1,0.9723518209019081,1
CID059,NS(=O)(=O)c1cc(Cl)cc(NCc2ccco2)c1C(=O)O,0.9616368026478811,1
CID430,CCC(=C(c1ccccc1)c1ccc(OCCN(C)C)cc1)c1ccccc1,0.963871190081242,1
CID189,CN(C)CCOc1ccc(C(=C(CCCl)c2ccccc2)c2ccccc2)cc1,0.9493355018065976,1
CID325,CN[C@@H]1[C@H](O[C@H]2[C@@H](O[C@H]3[C@@H](O)[C@@H](O)[C@@H](NC(=N)N)[C@@H](O)[C@@H]3NC(=N)N)O[C@@H](C)[C@@]2(O)C=O)O[C@@H](CO)[C@@H](O)[C@H]1O,0.3395308401329644,0
CID428,CC1(C)S[C@H]2[C@@H](NC(=O)[C@@H](C(=O)O)c3ccsc3)C(=O)N2[C@@H]1C(=O)O,0.34152157902337826,0
CID295,C#C[C@@]1(O)CC[C@@H]2[C@@H]3CCC4=CC(=O)CC[C@@H]4[C@@H]3C=C[C@@]21CC,0.972991124534525,1
CID452,CCCCNc1cc(C(=O)O)cc(S(N)(=O)=O)c1Oc1ccccc1,0.943309163129757,1
CID390,C[C@H](C(=O)O)c1cccc(Oc2ccccc2)c1,0.972294887390117,1
CID016,O=C(O)Cc1ccccc1Oc1ccc(Cl)cc1Cl,0.9728674419548552,1
CID102,Nc1nnc(-c2cccc(Cl)c2Cl)c(N)n1,0.9720950466254394,1
CID403,Cn1cc[nH]c1=S,0.9697068136526658,1
CID241,CCOC(=O)n1ccn(C)c1=S,0.9692163985200554,1
CID319,O=c1[nH]c2ccccc2n1CCCN1CCN(C(c2ccccc2)c2ccccc2)CC1,0.9687168544464534,1
CID011,CCC(=O)O[C@@](Cc1ccccc1)(c1ccccc1)[C@@H](C)CN(C)C,0.9718314604012123,1
CID225,OC[C@@H]1O[C@@H](OC[C@@H]2O[C@@H](O[C@]3(CO)O[C@@H](CO)[C@H](O)[C@@H]3O)[C@@H](O)[C@@H](O)[C@@H]2O)[C@@H](O)[C@@H](O)[C@@H]1O,0.3390418359474194,0
CID318,COc1cc2nc(N3CCN(C(=O)[C@@H]4CCCO4)CC3)nc(N)c2cc1OC,0.9712459677478068,1
CID073,Clc1ccc(CO[C@H](Cn2ccnc2)c2ccc(Cl)cc2Cl)c(Cl)c1,0.9721217452343366,1
CID383,COc1cc(Cc2cnc(N)nc2N)cc(OC)c1OC,0.9693292033258697,1
CID194,C#C[C@@]1(O)CC[C@@H]2[C@@H]3CC[C@@H]4CC(=O)CCC4=C3[C@H](c3ccc(N(C)C)cc3)C[C@@]21C,0.9724277515753373,1
CID027,C[N+]1(C)CCC[C@@H]1COC(=O)C(O)(c1ccccc1)c1ccccc1,0.3477527879765419,0
CID448,Cc1cn([C@H]2C=C[C@H](CO)O2)c(=O)nc1N,0.9559751024719301,1
CID364,COc1cc2c(cc1OC)[C@H](Cc1cc(OC)c(OC)c(OC)c1)[N@+](C)(CCCOC(=O)CC/C=C/CCC(=O)OCCC[N@+]1(C)CCc3cc(OC)c(OC)cc3[C@@H]1Cc1cc(OC)c(OC)c(OC)c1)CC2,0.34666921201377526,0
CID160,Fc1ccc(C(c2ccc(F)cc2)N2CCN(CCCc3ccccc3)CC2)cc1,0.971045270904094,1
CID345,CC(=O)O[C@]1(C(C)=O)CC[C@@H]2[C@H]3C=C(C)C4=CC(=O)CC[C@@]4(C)[C@H]3CC[C@]21C,0.9723595496459096,1
CID125,CCCCCC(=O)O[C@]1(C(C)=O)CC[C@@H]2[C@@H]3C=CC4=CC(=O)CC[C@]4(C)[C@@H]3CC[C@@]21C,0.9714942250243378,1
CID254,C[C@H]1CC(=O)NN=C1c1ccc(NN=C(C#N)C#N)cc1,0.9700835336086246,1
CID071,ON=Cc1cc[n+](COC[n+]2ccc(/C=N/O)cc2)cc1,0.34400985225626995,0
CID003,N[C@H]1CONC1=O,0.9679357393144592,1
CID306,OCCOCCN1CCN(C2=Nc3ccccc3Sc3ccccc32)CC1,0.943235228628609,1
CID387,CC[C@@H](C(=O)O)c1ccc(N2Cc3ccccc3C2=O)cc1,0.9665876123168688,1
CID103,C[C@H](C(=O)O)c1ccc(N2Cc3ccccc3C2=O)cc1,0.9711588899198372,1
CID238,NC[C@H]1CC[C@@H](C(=O)O)CC1,0.9691864454607891,1
CID202,CN1C(=O)CC[C@@H]1c1cccnc1,0.9725437348006946,1
CID249,COC(=O)C1=C(C)NC(C)=C(C(=O)OC(C)C)[C@H]1c1cccc2nonc12,0.9657844419481182,1
CID002,Cc1ccc(C(=CCN2CCCC2)c2cccc(/C=C/C(=O)O)n2)cc1,0.9698574968607403,1
CID050,OCCN(CCO)c1nc(N2CCCCC2)c2nc(N(CCO)CCO)nc(N3CCCCC3)c2n1,0.9349430829732926,1
CID228,Cc1ccsc1C(=CCCN1CCC[C@H](C(=O)O)C1)c1sccc1C,0.9579495904153426,1
CID211,NS(=O)(=O)c1cc([C@@]2(O)NC(=O)c3ccccc32)ccc1Cl,0.9695160402511184,1
CID284,CC[C@H](c1ccccc1)c1c(O)c2ccccc2oc1=O,0.9723527407858953,1
CID231,CCN(CC)CCCCN(C)c1ccnc2cc(Cl)ccc12,0.9490105148962629,1
CID385,O=[N+]([O-])c1ccc(O)c2ncccc12,0.9684315023744624,1
CID304,CCN(CCO)CC[C@H](C)Nc1ccnc2cc(Cl)ccc12,0.9681628267902379,1
CID315,Cc1nc2n(c(=O)c1CCN1CCC(c3noc4cc(F)ccc34)CC1)CCCC2,0.9727348704080053,1
CID121,Nc1ccc(/N=N/c2ccccc2)c(N)n1,0.961735290602716,1
CID176,CC(=O)[C@@H]1CC[C@@H]2[C@@H]3CCC4=CC(=O)CC[C@]4(C)[C@@H]3CC[C@]21C,0.972771368341745,1
CID086,CC(=O)OCC(=O)[C@@]1(O)CC[C@@H]2[C@@H]3CCC4=CC(=O)CC[C@]4(C)[C@]3(F)[C@@H](O)C[C@@]21C,0.9722320004656254,1
CID235,C[C@@]12CCC(=O)C=C1CC[C@H]1[C@H]2[C@H](O)C[C@]2(C)[C@@H]1CC[C@@]2(O)C(=O)CO,0.9721118713323441,1
CID332,C#C[C@@]1(O)CC[C@@H]2[C@@H]3CCC4=CC(=O)CC[C@@H]4[C@@H]3CC[C@@]21C,0.9729895366122904,1
CID077,C[C@@]12CC[C@@H]3[C@H](CCC4=CC(=O)CC[C@]43C)[C@H]1CC[C@H]2O,0.9729079390235738,1
CID031,C[C@@]12C[C@@H](O)[C@@H]3[C@H](CCC4=CC(=O)CC[C@]43C)[C@H]1CC[C@@H]2C(=O)CO,0.9724372526017472,1
CID192,C#C[C@@]1(O)CC[C@@H]2[C@@H]3CCC4=CC(=O)CC[C@@H]4[C@@H]3CC[C@@]21CC,0.972921476979108,1
CID447,CN(C)CCC[C@@]1(c2ccc(F)cc2)OCc2cc(C#N)ccc21,0.9728527628650313,1
CID433,CN1C(=O)[C@@](C)(C2=CCCCC2)C(=O)N=C1O,0.9726765402006009,1
CID440,CC1=NNC2=CN=C(c3ccccc3Cl)c3cc(Cl)ccc3N21,0.9724351855136283,1
CID032,O=C1CN=C(c2ccccc2Cl)c2cc([N+](=O)[O-])ccc2N1,0.9725804992251773,1
CID410,O=C1Nc2ccc(Cl)cc2C(c2ccccc2Cl)=N[C@H]1O,0.9723424454224533,1
CID301,CCN(CC)CCN1C(=O)CN=C(c2ccccc2F)c2cc(Cl)ccc21,0.9727384129654474,1
CID128,O=C1CN=C(c2ccccc2)c2cc(Cl)ccc2N1,0.9728049349604428,1
CID018,O=C1CN=C(c2ccccc2)c2cc([N+](=O)[O-])ccc2N1,0.9708932444118329,1
CID022,CN(C)C(=O)O[C@@H]1N=C(c2ccccc2)c2cc(Cl)ccc2N(C)C1=O,0.9676514652385168,1
CID203,CN1C(=O)[C@@H](O)N=C(c2ccccc2)c2cc(Cl)ccc21,0.9723694667521938,1
CID043,CN1C(=O)[C@@H](O)N=C(c2ccccc2Cl)c2cc(Cl)ccc21,0.9719686667679682,1
CID320,CN1C(=O)CN=C(c2ccccc2)c2cc(Cl)ccc21,0.9727826697536607,1
CID271,O=C1Nc2ccc(Cl)cc2C(c2ccccc2)=N[C@H]1O,0.9723929002549146,1
CID009,O=C(O)c1cccnc1,0.9397117889888843,1
CID132,CC(C)(C)NC[C@@H](O)c1ccc(O)c(CO)n1,0.9629082535863448,1
CID305,NNC(=O)c1ccncc1,0.9709912914036574,1
CID314,O=C(NCCO[N+](=O)[O-])c1cccnc1,0.9638925063784362,1
CID348,CCCc1cc(C(N)=S)ccn1,0.9702682378593926,1
CID267,CNCCc1ccccn1,0.9719062673913488,1
CID048,O=P(O)(O)C(O)(Cc1cccnc1)P(=O)(O)O,0.3488075783834937,0
CID349,CCc1cc(C(N)=S)ccn1,0.9706797533611983,1
CID200,N=C(N)NC[C@@H]1COc2ccccc2O1,0.9512194879999555,1
CID389,CN(C)CCCOc1nn(Cc2ccccc2)c2ccccc12,0.9308781456949872,1
CID122,Cc1nnc(NS(=O)(=O)c2ccc(N)cc2)s1,0.9327168103596312,1
CID454,O[C@](CCN1CCCCC1)(c1ccccc1)C1CCCCC1,0.9690720692844382,1
CID135,N=C(N)c1ccc(OCCCCCOc2ccc(C(=N)N)cc2)cc1,0.3763231625026176,0
CID409,CC(C)(C#N)c1cc(Cn2cncn2)cc(C(C)(C)C#N)c1,0.9702709401577728,1
CID026,CCN[C@@H]1C[C@H](N)[C@H](O[C@@H]2C[C@@H](N)C=C(CN)O2)[C@H](O)[C@@H]1O[C@@H]1OC[C@@](C)(O)[C@@H](NC)[C@@H]1O,0.34484602073487586,0
CID091,CCOc1cc(CC(=O)N[C@H](CC(C)C)c2ccccc2N2CCCCC2)ccc1C(=O)O,0.9658061222533991,1
CID251,CCCNC[C@H](O)COc1ccccc1C(=O)CCc1ccccc1,0.9534960036420301,1
CID038,CCc1cccc2c1N[C@@H]1[C@H]2CCOC1(CC(=O)O)CC(=O)O,0.8623600565430021,1
CID054,COC(=O)Nc1nc2ccc(C(=O)c3ccccc3)cc2[nH]1,0.9711550474834342,1
CID088,COc1ccc2c3c1O[C@H]1[C@@H](O)CC[C@@H]4[C@H](C2)N(C)CC[C@]341,0.9708333535445348,1
CID287,CC1(C)S[C@H]2[C@@H](NC(=O)[C@@H](NC(=O)N3CCN(S(C)(=O)=O)C3=O)c3ccccc3)C(=O)N2[C@@H]1C(=O)O,0.3418198789361154,0
CID167,CC1(C)S[C@H]2[C@@H](NC(=O)[C@@H](NC(=O)N3CCNC3=O)c3ccccc3)C(=O)N2[C@@H]1C(=O)O,0.3432758187347402,0
CID060,NNc1nncc2ccccc12,0.9729899509280032,1
CID036,CC(=O)N1CCN(c2ccc(OC[C@@H]3CO[C@@](Cn4ccnc4)(c4ccc(Cl)cc4Cl)O3)cc2)CC1,0.9680113329397653,1
CID179,Cc1cc(CC(=O)O)n(C)c1C(=O)c1ccc(Cl)cc1,0.9714245704083035,1
CID244,Cc1ccc(C(=O)c2ccc(CC(=O)O)n2C)cc1,0.9687289538251657,1
CID210,CN1[C@@H]2CCC[C@H]1C[C@@H](NC(=O)c1nn(C)c3ccccc13)C2,0.9718823494102532,1
CID455,CC(C)(C)NC[C@H](O)COc1cccc2c1CCCC2=O,0.9717306565972431,1
CID092,CNCCCC1c2ccccc2C=Cc2ccccc21,0.9722315094475166,1
CID221,CN(C)CCc1c[nH]c2ccc(CS(=O)(=O)N3CCCC3)cc12,0.9707407661180381,1
CID183,CN1CCN(C2=Nc3cc(Cl)ccc3Nc3ccccc32)CC1,0.9703360747132527,1
CID302,C=C[C@@H]1CN2CC[C@@H]1C[C@H]2[C@@H](O)c1ccnc2ccccc12,0.9720653518137067,1
CID180,C=C[C@H]1CN2CC[C@@H]1C[C@@H]2[C@@H](O)c1ccnc2ccc(OC)cc12,0.97188666057367,1
CID263,C=C[C@@H]1CN2CC[C@@H]1C[C@@H]2[C@@H](O)c1ccnc2ccc(OC)cc12,0.9718869963562392,1
CID418,O=C1c2ccccc2C(=O)C1c1ccccc1,0.9714406428756629,1
CID232,CN1[C@@H]2CC[C@@H]1CC(OC(=O)c1cn(C)c3ccccc13)C2,0.9704824637917091,1
CID120,CN(C)CCN(c1ccc(Cl)cc1)c1ccccn1,0.9712408454006133,1
CID340,CN1C[C@@H](C(=O)N[C@]2(C)O[C@@]3(O)[C@@H]4CCCN4C(=O)[C@@H](Cc4ccccc4)N3C2=O)C=C2c3cccc4[nH]cc(c34)C[C@@H]21,0.92916271284138,1
CID335,Cc1cc2nc3c(=O)[nH]c(=O)nc-3n(C[C@@H](O)[C@H](O)[C@H](O)CO)c2cc1C,0.9211735267569642,1
CID356,Cc1cnc(C(=O)O)c[n+]1[O-],0.917222171961337,1
CID115,O=[N+]([O-])O[C@H]1CO[C@H]2[C@H]1OC[C@H]2O,0.9432751933455007,1
CID052,O=[N+]([O-])O[C@@H]1CO[C@H]2[C@H]1OC[C@H]2O[N+](=O)[O-],0.9001203094103403,1
CID020,O=C1Cc2cc(CCN3CCN(c4nsc5ccccc45)CC3)c(Cl)cc2N1,0.9725521438275332,1
CID161,N=c1nc2n(cc1F)[C@H]1O[C@@H](CO)[C@H](O)[C@H]1O2,0.9167602618229269,1
CID185,Cn1c2c(c3ccccc31)C(=O)[C@@H](Cn1ccnc1)CC2,0.9721932487343604,1
CID236,O=C1CN2Cc3c(ccc(Cl)c3Cl)N=C2N1,0.9691989020474375,1
CID081,CSc1ccc(C(=O)c2[nH]c(=O)[nH]c2C)cc1,0.9497224338640536,1
CID075,COc1c2c(cc(F)c1N1C[C@@H]3CCCN[C@@H]3C1)C(=O)C(C(=O)O)=C[C@@H]2NC1CC1,0.9575474687752985,1
CID243,CCc1oc2ccccc2c1C(=O)c1cc(Br)c(O)c(Br)c1,0.9562811750542974,1
CID444,CC(=O)Nc1nnc(S(N)(=O)=O)s1,0.9585313253283433,1
CID258,CC(=O)NC[C@H]1CN(c2ccc(N3CCOCC3)c(F)c2)C(=O)O1,0.9628213892951191,1
CID399,CC(C)[N+](C)(CCOC(=O)C1c2ccccc2Oc2ccccc21)C(C)C,0.3594722513130588,0
CID118,CN1C(=O)CC(=O)N(c2ccccc2)c2cc(Cl)ccc21,0.9709290902121429,1
CID039,CC[C@@]1(c2ccc(N)cc2)CCC(=O)NC1=O,0.9726135613634145,1
CID317,CCN(CC)CC[C@]1(c2ccccc2)CCC(=O)NC1=O,0.9715037959838903,1
CID094,CC(=O)N[C@H]1[C@@H]([C@@H](O)[C@H](O)CO)OC(C(=O)O)=C[C@H]1NC(=N)N,0.3409715432906896,0
CID367,CCn1nc(C(=O)O)c(=O)c2cc3c(cc21)OCO3,0.9653065233323469,1
CID395,CN(C)CCc1c[nH]c2ccc(Cn3cncn3)cc12,0.9723480431015773,1
CID252,Cc1ncc2n1-c1ccc(Cl)cc1C(c1ccccc1F)=NC2,0.9727207128239019,1
CID285,COc1ccc(CCN2CCC(Nc3nc4ccccc4n3Cc3ccc(F)cc3)CC2)cc1,0.9728058445495765,1
CID329,CCN(CC)c1cc(C)nc2ncnn12,0.9728249587696499,1
CID280,CC(C)C[C@@H](N(C)C)C1(c2ccc(Cl)cc2)CCC1,0.9702282597702,1
CID381,c1ccc2[nH]c(-c3cscn3)nc2c1,0.9719568041367053,1
CID068,C#C[C@@]1(O)CC[C@@H]2[C@H]3[C@@H](C)CC4=C(CCC(=O)C4)[C@@H]3CC[C@@]21C,0.9727726434824641,1
CID150,Nc1nc(=O)[nH]cc1F,0.966212311931724,1
CID262,CCCC(CCC)CCC[C@@H]1COCCN1CCO,0.9615459954835547,1
CID025,COc1ccc2c(c1)C(=O)N(CCc1ccc(S(=O)(=O)NC(=O)NC3CCCCC3)cc1)C(=O)C2(C)C,0.9695167681578952,1
CID181,NS(=O)(=O)c1cc2c(cc1C(F)(F)F)NCNS2(=O)=O,0.9665894467722937,1
CID006,NS(=O)(=O)c1cc2c(cc1Cl)NCNS2(=O)=O,0.9692527228092521,1
CID404,CN1[C@H](CSCC(F)(F)F)Nc2cc(Cl)c(S(N)(=O)=O)cc2S1(=O)=O,0.9633726911887992,1
CID173,CC[C@]1(c2cccc(O)c2)CCCCN(C)C1,0.970242125769258,1
CID040,CC(=O)Oc1ccc2c3c1O[C@H]1[C@H](OC(C)=O)C=C[C@H]4[C@H](C2)N(C)CCC[C@@]341,0.9683129474807517,1
CID066,Cc1cc(NC(=O)C2=C(O)c3ccccc3S(=O)(=O)[C@@H]2C)no1,0.9439683301670483,1
CID435,Cc1cc(C(=O)NNCc2ccccc2)no1,0.9726990915260982,1
CID281,CC[C@@H](C)[C@H]1[C@H](C)[C@H]2C[C@]3(C[C@@H]4C[C@H](C/C=C(/C)[C@@H](O[C@@H]5C[C@@H](OC)[C@@H](O[C@H]6C[C@@H](OC)[C@@H](O)[C@H](C)O6)[C@H](C)O5)[C@@H](C)C=CC=C5CO[C@@H]6[C@@H](O)C(C)=C[C@H](C(=O)O4)[C@]56O)O3)O[C@H]21,0.8873969252570354,1
CID374,COc1ccc([C@H](CN(C)C)C2(O)CCCCC2)cc1,0.972268436047914,1
CID074,CCN(CC)CC#CCOC(=O)[C@](O)(c1ccccc1)C1CCCCC1,0.9567709756801627,1
CID154,CN(N=O)C(=O)N[C@@H]1[C@H](O)[C@H](O)[C@H](CO)O[C@@H]1O,0.34713024125964514,0
CID459,C#C[C@@]1(O)C=C[C@@H]2[C@@H]3CCC4=CC(=O)CC[C@@H]4[C@@H]3CC[C@@]21CC,0.9729693292104828,1
CID201,COc1nc(C)nc(Cl)c1NC1=NCCN1,0.9704511416268599,1
CID239,CC(=O)c1ccc(S(=O)(=O)NC(=O)NC2CCCCC2)cc1,0.9719120979486999,1
CID429,CC1=C(C(=O)O)N2C(=O)[C@H](NC(=O)[C@@H](N)C3=CCC=CC3)[C@@H]2SC1,0.7512283284933806,1
CID163,CO[C@@]1(NC(=O)CSCC#N)C(=O)N2C(C(=O)O)=C(CSc3nnnn3C)CS[C@H]21,0.34431783378842434,0
CID019,Nc1nc(N2CCCCC2)cc[n+]1[O-],0.9722569605064048,1
CID439,C#C[C@@]1(O)CC[C@H]2[C@@H]3CCC4=CCCC[C@@H]4[C@@H]3C(=C)C[C@]21CC,0.9728613520533509,1
CID129,O[C@@](CCN1CCCC1)(c1ccccc1)C1CCCCC1,0.96892294744386,1
CID432,CCC[C@H](C)C1(CC)C(=O)NC(=O)NC1=O,0.970207861125024,1
CID380,Clc1ccccc1CN1CCc2sccc2C1,0.9725507727360146,1
CID247,CCCC[C@](C)(O)C/C=C/[C@H]1[C@H](O)CC(=O)[C@H]1CCCCCCC(=O)OC,0.9628825583277885,1
CID365,CCC(=O)O[C@@]1(CCN(C)CCCc2nc3ccccc3[nH]2)CCc2cc(F)ccc2[C@@H]1C(C)C,0.9727612105818416,1
CID044,NC[C@@H]1O[C@@H](O[C@@H]2[C@H](O[C@@H]3O[C@H](CO)[C@H](OC[C@@H]4O[C@@H](CN)[C@@H](O)[C@@H](O)[C@@H]4N)[C@H]3O)[C@@H](O)[C@@H](N)C[C@@H]2N)[C@@H](N)[C@H](O)[C@@H]1O,0.33888945368708256,0
CID049,OC[C@@H]1O[C@@H](O[C@@H]2[C@H](CO)O[C@@](O)(CO)[C@H]2O)[C@@H](O)[C@@H](O)[C@@H]1O,0.34018940229490474,0
CID388,CN(C)CCCN1c2ccccc2Sc2ccc(Cl)cc21,0.9710637159315124,1
CID196,C[C@@H](CN(C)C)CN1c2ccccc2Sc2ccccc21,0.9716347401596312,1
CID069,C[C@@H](CN1c2ccccc2Sc2ccccc21)N(C)C,0.9663763754309875,1
CID427,OCCN1CCN(CC/C=C2\c3ccccc3Sc3ccc(Cl)cc32)CC1,0.9614765190466003,1
CID087,OCCN1CCN(CC/C=C2\c3ccccc3Sc3ccc(C(F)(F)F)cc32)CC1,0.9662321620852605,1
CID361,Clc1cccc(Cl)c1N=C1NCCN1,0.9718524198721205,1
CID405,N[C@@H]1[C@H]2CN(c3nc4c(cc3F)c(=O)c(C(=O)O)cn4-c3ccc(F)cc3F)C[C@@H]12,0.9577223755234532,1
CID436,CCCN(CCC)C(=O)Cc1c(-c2ccc(C)cc2)nc2ccc(C)cn12,0.9724882382784797,1
CID212,O=C1NC(=O)N([C@H]2O[C@@H](CO)[C@@H](O)[C@@H]2O)C[C@H]1C=CBr,0.7799270153287559,1
CID376,O=C(O)CCc1nc(-c2ccccc2)c(-c2ccccc2)o1,0.9724604438571752,1
CID053,C#C[C@@]1(O)CC[C@@H]2[C@@H]3CCc4cc(O)ccc4[C@@H]3CC[C@@]21C,0.9728770732922349,1
CID453,C[C@@]12CC[C@@H]3c4ccc(OC(=O)N(CCCl)CCCl)cc4CC[C@@H]3[C@H]1CC[C@@H]2O,0.9721201257896516,1
CID438,C#C[C@@]1(O)CC[C@@H]2[C@@H]3CCc4cc(OC)ccc4[C@@H]3CC[C@@]21C,0.9729679218999152,1
CID357,CN1[C@@H]2C[C@@H](OC(=O)[C@@H](CO)c3ccccc3)C[C@H]1[C@@H]1O[C@H]12,0.8161746040371002,1
CID270,COc1cccc([C@@]2(O)CCCC[C@H]2CN(C)C)c1,0.9726599775993104,1
CID344,CC1(C)[C@H](C(=O)O)N2C(=O)C[C@@H]2S1(=O)=O,0.3669027157929812,0
CID456,CC(C)N(CC[C@](C(N)=O)(c1ccccc1)c1cccnc1)C(C)C,0.9650804826490996,1
CID292,CO[C@@]1(NC(=O)[C@@H](C(=O)O)c2ccc(O)cc2)C(=O)N2C(C(=O)O)=C(CSc3nnnn3C)CO[C@H]21,0.34711879781518745,0
CID373,O[C@@H](c1cc(C(F)(F)F)nc2c(C(F)(F)F)cccc12)[C@@H]1CCCCN1,0.971892587454779,1
CID406,CC(C)[N+]1(C)[C@@H]2CC[C@@H]1CC(OC(=O)[C@@H](CO)c1ccccc1)C2,0.3493003171130528,0
CID443,Cc1ccccc1N1C(=O)c2cc(S(N)(=O)=O)c(Cl)cc2N[C@@H]1C,0.9728697767419546,1
CID159,CC(C)(C)NC[C@H](O)COc1cccc2c1C[C@H](O)[C@@H](O)C2,0.9519518786481563,1
CID391,CC(C)(C)c1ccc([C@H](O)CCCN2CCC(C(O)(c3ccccc3)c3ccccc3)CC2)cc1,0.9698829518004821,1
CID224,C[C@@H]([C@](O)(Cn1cncn1)c1ccc(F)cc1F)S(C)(=O)=O,0.9717555397834313,1
CID109,C[C@@H](CN(C)C)CN1c2ccccc2CCc2ccccc21,0.9708589458317599,1
CID260,CN(C)CCCN1c2ccccc2CCc2ccccc21,0.9701870775160458,1
CID245,CN(C)CCCN1c2ccccc2CCc2ccc(Cl)cc21,0.9707900956840132,1
CID162,CNCCCN1c2ccccc2CCc2ccccc21,0.9722657902836813,1
CID023,Cc1cc(=O)n(-c2ccccc2)n1C,0.9664977751066601,1
CID242,CCN(CCCCOC(=O)c1ccc(OC)c(OC)c1)[C@@H](C)Cc1ccc(OC)cc1,0.9656459287571999,1
CID008,C=CC[C@@]1([C@@H](C)CCC)C(=C)NC(O)=NC1=O,0.9713328106820036,1
CID034,Cc1cnc(NC(=O)C2=C(O)c3ccccc3S(=O)(=O)N2C)s1,0.9663001351186975,1
CID155,CN1C(C(=O)Nc2nccs2)=C(O)c2ccccc2S1(=O)=O,0.9601937587860094,1
CID416,COc1ccc(Cc2nccc3cc(OC)c(OC)cc23)cc1OC,0.9678788595679322,1
CID134,CCCN[C@@H]1CCc2nc(N)sc2C1,0.968019415861289,1
CID431,O=C(C1CCCCC1)N1CC(=O)N2CCc3ccccc3[C@@H]2C1,0.9723712613480343,1
